time,open,high,low,close,volume,ticker
2019-03-01,6900,6900,6900,6900,37940,ITD
2019-03-04,6900,7100,6900,7100,36140,ITD
2019-03-05,7100,7100,6900,7100,14270,ITD
2019-03-06,6940,7230,6940,7170,224810,ITD
2019-03-07,7270,7270,7100,7170,80680,ITD
2019-03-08,7360,7360,7170,7230,122000,ITD
2019-03-11,7230,7730,7230,7660,452120,ITD
2019-03-12,7690,8189,7690,8189,137130,ITD
2019-03-13,8650,8740,8280,8480,209000,ITD
2019-03-14,8220,8510,8090,8420,168140,ITD
2019-03-15,8250,8510,8250,8510,42430,ITD
2019-03-18,8880,8880,8350,8380,69670,ITD
2019-03-19,8550,8610,8220,8220,78630,ITD
2019-03-20,8050,8220,7890,7960,82430,ITD
2019-03-21,8450,8450,8090,8150,84020,ITD
2019-03-22,8220,8220,7690,7890,58090,ITD
2019-03-25,7560,7760,7500,7560,107430,ITD
2019-03-26,7560,7890,7560,7760,19240,ITD
2019-03-27,7820,8220,7690,8020,33780,ITD
2019-03-28,7890,8119,7690,7820,22130,ITD
2019-03-29,7790,7820,7690,7790,28980,ITD
2019-04-01,7730,7760,7690,7730,35350,ITD
2019-04-02,7820,7820,7690,7790,15310,ITD
2019-04-03,7760,7960,7760,7820,11390,ITD
2019-04-04,7820,8220,7820,8150,43110,ITD
2019-04-05,8550,8550,7990,8150,32990,ITD
2019-04-08,8450,8450,7990,8020,13910,ITD
2019-04-09,8150,8150,7960,7960,9650,ITD
2019-04-10,7960,7960,7560,7890,26750,ITD
2019-04-11,7990,8020,7890,7990,5450,ITD
2019-04-12,8020,8020,7990,8020,4740,ITD
2019-04-16,8020,8020,7820,7820,67950,ITD
2019-04-17,7760,7960,7630,7760,16380,ITD
2019-04-18,7690,7860,7560,7560,57260,ITD
2019-04-19,7560,8090,7560,7690,10070,ITD
2019-04-22,7690,7890,7560,7820,32700,ITD
2019-04-23,7820,7820,7560,7560,20910,ITD
2019-04-24,7960,8020,7630,7630,7880,ITD
2019-04-25,7630,8020,7630,7820,44530,ITD
2019-04-26,7630,7820,7590,7690,13160,ITD
2019-05-02,7760,7760,7560,7630,21610,ITD
2019-05-03,7690,7690,7560,7560,34510,ITD
2019-05-06,7560,7730,7430,7430,20830,ITD
2019-05-07,7460,7560,7360,7460,54280,ITD
2019-05-08,7460,7960,7460,7960,8120,ITD
2019-05-09,7560,7560,7500,7500,6260,ITD
2019-05-10,7500,7530,7430,7460,19940,ITD
2019-05-13,7660,7690,7400,7560,4030,ITD
2019-05-14,7690,7690,7690,7690,40,ITD
2019-05-15,7500,7660,7500,7660,950,ITD
2019-05-16,7500,7630,7360,7560,19720,ITD
2019-05-17,7560,7560,7460,7560,6160,ITD
2019-05-20,7430,7560,7360,7560,22980,ITD
2019-05-21,7560,7560,7300,7500,67180,ITD
2019-05-22,7500,7560,7500,7500,3030,ITD
2019-05-23,7430,7500,7300,7460,10290,ITD
2019-05-24,7630,7630,7300,7430,12460,ITD
2019-05-27,7500,7500,7500,7500,10,ITD
2019-05-28,7330,7500,7330,7360,12380,ITD
2019-05-29,7360,7760,7360,7630,15870,ITD
2019-05-30,7630,7630,7500,7560,12220,ITD
2019-05-31,7560,7630,7430,7430,17230,ITD
2019-06-03,7500,7630,7430,7430,13400,ITD
2019-06-04,7500,7500,7360,7500,30310,ITD
2019-06-05,7400,7430,7360,7400,10260,ITD
2019-06-06,7500,7500,7400,7500,11070,ITD
2019-06-07,7500,7500,7430,7430,3000,ITD
2019-06-10,7430,7430,7300,7430,10940,ITD
2019-06-11,7430,7430,7300,7330,21240,ITD
2019-06-12,7300,7500,7300,7330,3380,ITD
2019-06-13,7500,7500,7300,7430,28540,ITD
2019-06-14,7330,7360,7330,7330,14950,ITD
2019-06-17,7500,7500,7330,7330,16590,ITD
2019-06-18,7630,7630,7330,7330,15100,ITD
2019-06-19,7500,7560,7330,7500,8480,ITD
2019-06-20,7330,7430,7300,7360,7280,ITD
2019-06-21,7360,7360,7360,7360,36130,ITD
2019-06-24,7360,7530,7360,7530,44570,ITD
2019-06-25,7500,7760,7400,7760,24310,ITD
2019-06-26,7760,7860,7690,7690,2510,ITD
2019-06-27,7690,7690,7530,7530,24200,ITD
2019-06-28,7530,7530,7430,7430,28390,ITD
2019-07-01,7690,7730,7430,7560,4740,ITD
2019-07-02,7630,7660,7500,7560,8500,ITD
2019-07-03,7560,7690,7530,7690,6550,ITD
2019-07-04,7690,7690,7560,7690,31300,ITD
2019-07-05,7730,7730,7500,7560,6960,ITD
2019-07-08,7560,7690,7500,7590,23240,ITD
2019-07-09,7690,8119,7630,8119,118500,ITD
2019-07-10,8320,8320,7990,8119,40350,ITD
2019-07-11,8119,8119,7890,8020,9280,ITD
2019-07-12,7820,8020,7820,7890,37660,ITD
2019-07-15,7820,8090,7590,7890,25480,ITD
2019-07-16,7990,7990,7860,7860,5390,ITD
2019-07-17,7960,7960,7760,7820,27920,ITD
2019-07-18,7820,8150,7690,8150,15880,ITD
2019-07-19,8150,8220,8020,8150,5390,ITD
2019-07-22,7860,7960,7860,7890,19220,ITD
2019-07-23,7860,7860,7500,7500,16620,ITD
2019-07-24,7860,7860,7560,7730,13190,ITD
2019-07-25,7790,7790,7400,7690,19400,ITD
2019-07-26,7660,7690,7630,7690,3240,ITD
2019-07-29,7500,7690,7500,7690,13430,ITD
2019-07-30,7820,7820,7560,7560,14250,ITD
2019-07-31,7360,7630,7330,7560,52830,ITD
2019-08-01,7400,7690,7400,7560,16030,ITD
2019-08-02,7560,7560,7530,7530,2100,ITD
2019-08-05,7430,7560,7360,7500,18620,ITD
2019-08-06,7300,7560,7300,7430,14630,ITD
2019-08-07,7300,7760,7360,7760,58030,ITD
2019-08-08,7760,7760,7500,7560,5410,ITD
2019-08-09,7560,7560,7500,7560,4230,ITD
2019-08-12,7560,7730,7560,7560,100990,ITD
2019-08-13,7560,7790,7560,7590,23510,ITD
2019-08-14,7760,7760,7560,7590,6350,ITD
2019-08-15,7560,7630,7560,7560,2610,ITD
2019-08-16,7660,7760,7500,7760,33300,ITD
2019-08-19,7820,7820,7630,7630,4020,ITD
2019-08-20,7630,7760,7560,7630,24960,ITD
2019-08-21,7560,7690,7560,7560,36420,ITD
2019-08-22,7560,8020,7560,7760,59350,ITD
2019-08-23,7960,7960,7760,7890,2950,ITD
2019-08-26,7690,7890,7560,7890,4730,ITD
2019-08-27,7660,7960,7630,7630,18740,ITD
2019-08-28,7630,7960,7630,7960,19280,ITD
2019-08-29,7890,7920,7760,7920,7090,ITD
2019-08-30,7890,7890,7760,7820,8440,ITD
2019-09-03,7730,7820,7690,7820,26750,ITD
2019-09-04,7730,7890,7730,7890,5210,ITD
2019-09-05,7890,7890,7690,7820,59820,ITD
2019-09-06,7690,7820,7690,7730,510,ITD
2019-09-09,7690,7820,7660,7730,7610,ITD
2019-09-10,7690,7730,7690,7730,14910,ITD
2019-09-11,7690,7730,7690,7690,5350,ITD
2019-09-12,7730,7760,7660,7760,47720,ITD
2019-09-13,7890,7890,7690,7730,10920,ITD
2019-09-16,7690,7690,7660,7660,15530,ITD
2019-09-17,7690,7690,7690,7690,17230,ITD
2019-09-18,7730,7760,7690,7760,21140,ITD
2019-09-19,7760,7760,7760,7760,7240,ITD
2019-09-20,7690,7730,7690,7690,133500,ITD
2019-09-23,7660,7820,7560,7590,78030,ITD
2019-09-24,7590,7630,7560,7590,115780,ITD
2019-09-25,7690,7690,7430,7430,92190,ITD
2019-09-26,7630,7630,7430,7430,27790,ITD
2019-09-27,7430,7630,7430,7530,6650,ITD
2019-09-30,7890,7890,7430,7460,25620,ITD
2019-10-01,7660,7820,7500,7500,9000,ITD
2019-10-02,7500,7500,7300,7500,25690,ITD
2019-10-03,7760,7760,7360,7400,14420,ITD
2019-10-04,7430,7430,7400,7400,1300,ITD
2019-10-07,7630,7630,7430,7590,150,ITD
2019-10-08,7460,7460,7400,7460,7990,ITD
2019-10-09,7460,7530,7430,7460,7940,ITD
2019-10-10,7530,7530,7430,7460,23790,ITD
2019-10-11,7460,7500,7460,7500,12630,ITD
2019-10-14,7460,7590,7460,7530,350,ITD
2019-10-15,7530,7590,7500,7590,14860,ITD
2019-10-16,7590,7590,7500,7500,4210,ITD
2019-10-17,7530,7530,7500,7500,2810,ITD
2019-10-18,7530,7530,7460,7460,15580,ITD
2019-10-21,7460,7530,7460,7530,3320,ITD
2019-10-22,7530,7530,7460,7460,9200,ITD
2019-10-23,7460,7500,7460,7460,7420,ITD
2019-10-24,7460,7530,7460,7500,840,ITD
2019-10-25,7560,7560,7430,7430,1350,ITD
2019-10-28,7460,7460,7430,7430,10400,ITD
2019-10-29,7430,7500,7430,7500,14880,ITD
2019-10-30,7430,7530,7430,7430,7280,ITD
2019-10-31,7430,7430,7330,7430,21500,ITD
2019-11-01,7430,7430,7430,7430,1400,ITD
2019-11-04,7400,7430,7400,7430,330,ITD
2019-11-05,7430,7460,7430,7460,500,ITD
2019-11-06,7500,7560,7500,7560,4400,ITD
2019-11-07,7590,7690,7560,7660,38410,ITD
2019-11-08,7690,7690,7560,7560,26160,ITD
2019-11-11,7590,7660,7560,7630,8170,ITD
2019-11-12,7630,7630,7590,7630,7210,ITD
2019-11-13,7630,7630,7590,7630,19510,ITD
2019-11-14,7630,7660,7560,7630,118240,ITD
2019-11-15,7700,7700,7370,7630,24520,ITD
2019-11-18,7660,7660,7440,7480,17830,ITD
2019-11-19,7480,7630,7440,7480,17600,ITD
2019-11-20,7480,7480,7410,7410,2220,ITD
2019-11-21,7550,7920,7330,7410,37500,ITD
2019-11-22,7480,7550,7480,7550,150,ITD
2019-11-25,7590,7590,7190,7520,1100,ITD
2019-11-26,7590,7590,7590,7590,500,ITD
2019-11-27,7520,7660,7520,7660,16450,ITD
2019-11-28,7480,7700,7410,7660,31450,ITD
2019-11-29,7630,7630,7550,7550,1010,ITD
2019-12-02,7480,7630,7480,7630,1100,ITD
2019-12-03,7480,7550,7480,7480,23060,ITD
2019-12-04,7480,7480,7410,7480,31780,ITD
2019-12-05,7330,7550,7330,7550,420,ITD
2019-12-06,7550,7550,7550,7550,10,ITD
2019-12-09,7550,7550,7410,7410,1760,ITD
2019-12-10,7370,7410,7290,7410,34060,ITD
2019-12-11,7330,7480,7330,7480,11530,ITD
2019-12-12,7550,7550,7300,7370,13740,ITD
2019-12-13,7150,7410,7150,7300,91250,ITD
2019-12-16,7330,7480,7330,7480,22950,ITD
2019-12-17,7330,7330,7300,7330,35200,ITD
2019-12-18,7330,7330,7330,7330,31890,ITD
2019-12-19,7330,7330,7260,7330,2160,ITD
2019-12-20,7330,7330,7330,7330,3000,ITD
2019-12-23,7330,7330,7190,7330,290,ITD
2019-12-24,7190,7190,7190,7190,400,ITD
2019-12-25,7330,7330,7330,7330,3000,ITD
2019-12-26,7330,7330,7330,7330,4800,ITD
2019-12-27,7330,7330,7330,7330,10,ITD
2019-12-30,7260,7260,6970,7040,5490,ITD
2019-12-31,7110,7110,6820,6890,1220,ITD
2020-01-02,6600,6970,6600,6970,1650,ITD
2020-01-03,7190,7190,6970,6970,1070,ITD
2020-01-06,6970,7260,6970,6970,5390,ITD
2020-01-07,7040,7040,7040,7040,10,ITD
2020-01-08,7040,7040,7040,7040,0,ITD
2020-01-09,7040,7040,6970,7040,82300,ITD
2020-01-10,6970,7040,6820,7040,220,ITD
2020-01-13,6970,6970,6600,6970,4050,ITD
2020-01-14,6820,6970,6600,6890,49320,ITD
2020-01-15,6820,6890,6820,6890,8000,ITD
2020-01-16,6890,6890,6820,6890,24900,ITD
2020-01-17,6890,6890,6890,6890,4000,ITD
2020-01-20,7330,7330,7330,7330,10,ITD
2020-01-21,7260,7260,7260,7260,1360,ITD
2020-01-22,7260,7260,7190,7190,130,ITD
2020-01-30,7330,7330,7190,7190,120,ITD
2020-01-31,6970,6970,6970,6970,430,ITD
2020-02-03,6600,6670,6600,6600,24760,ITD
2020-02-04,6600,6600,6310,6600,9060,ITD
2020-02-05,6600,6600,6600,6600,6770,ITD
2020-02-06,6530,6600,6490,6490,9680,ITD
2020-02-07,6600,6820,6600,6600,7580,ITD
2020-02-10,6600,6670,6600,6670,3820,ITD
2020-02-11,6600,6820,6600,6670,9110,ITD
2020-02-12,6600,6670,6600,6600,23340,ITD
2020-02-13,6590,6590,6530,6560,10800,ITD
2020-02-14,6530,6590,6380,6590,31940,ITD
2020-02-17,6590,6670,6520,6600,22000,ITD
2020-02-18,6590,6750,6520,6750,40350,ITD
2020-02-19,6600,6750,6600,6750,49200,ITD
2020-02-20,6750,6750,6610,6750,27460,ITD
2020-02-21,6750,6750,6750,6750,29600,ITD
2020-02-24,6750,6750,6750,6750,10,ITD
2020-02-25,6750,6750,6710,6750,650,ITD
2020-02-26,6750,6750,6750,6750,10,ITD
2020-02-27,6750,6750,6750,6750,0,ITD
2020-02-28,6710,6710,6710,6710,1000,ITD
2020-03-02,6710,6710,6670,6670,850,ITD
2020-03-03,6670,6670,6600,6600,2980,ITD
2020-03-04,6600,6600,6530,6600,150,ITD
2020-03-05,6600,6600,6450,6530,8480,ITD
2020-03-06,6490,6600,6450,6600,29860,ITD
2020-03-09,6490,6600,6230,6230,26090,ITD
2020-03-10,6230,6230,6010,6230,17960,ITD
2020-03-11,6170,6180,6050,6180,10300,ITD
2020-03-12,5790,6090,5750,5750,15360,ITD
2020-03-13,5510,5760,5360,5720,41010,ITD
2020-03-16,5680,5680,5350,5680,4350,ITD
2020-03-17,5390,5680,5390,5680,35310,ITD
2020-03-18,5680,5780,5540,5780,23120,ITD
2020-03-19,5520,5760,5390,5760,31020,ITD
2020-03-20,5400,5720,5380,5720,50310,ITD
2020-03-23,5350,5390,5320,5320,42890,ITD
2020-03-24,5330,5350,5320,5350,25800,ITD
2020-03-25,5350,5620,5130,5620,20970,ITD
2020-03-26,5480,5650,5480,5500,9580,ITD
2020-03-27,5500,5570,5500,5500,12060,ITD
2020-03-30,5430,5450,5280,5430,14590,ITD
2020-03-31,5450,5450,5140,5350,12300,ITD
2020-04-01,5350,5350,5350,5350,520,ITD
2020-04-03,5350,5570,5350,5500,52650,ITD
2020-04-06,5500,5720,5430,5540,211350,ITD
2020-04-07,5540,5790,5540,5790,50060,ITD
2020-04-08,5790,5790,5570,5790,1390,ITD
2020-04-09,5790,5790,5650,5760,31700,ITD
2020-04-10,5760,5940,5760,5760,138350,ITD
2020-04-13,5980,5980,5760,5800,102380,ITD
2020-04-14,5820,5940,5790,5820,85920,ITD
2020-04-15,5790,6090,5790,6090,188000,ITD
2020-04-16,6090,6370,6040,6370,77410,ITD
2020-04-17,6120,6360,6120,6360,830,ITD
2020-04-20,6530,6530,5930,6200,33840,ITD
2020-04-21,5980,6200,5980,6110,14560,ITD
2020-04-22,6110,6110,6060,6090,13070,ITD
2020-04-23,6090,6090,5930,6090,40790,ITD
2020-04-24,6010,6090,6010,6090,11480,ITD
2020-04-27,6010,6070,5660,6070,10090,ITD
2020-04-28,6120,6120,6010,6010,11910,ITD
2020-04-29,6010,6090,6010,6010,3040,ITD
2020-05-04,6230,6230,6010,6010,8430,ITD
2020-05-05,6160,6160,6010,6010,2460,ITD
2020-05-06,5980,6100,5940,6100,9510,ITD
2020-05-07,6090,6520,6090,6230,40670,ITD
2020-05-08,6230,6450,6220,6220,13080,ITD
2020-05-11,6220,6230,6200,6220,17920,ITD
2020-05-12,6200,6200,6040,6040,5360,ITD
2020-05-13,6020,6160,6020,6040,15000,ITD
2020-05-14,6050,6050,6040,6040,3780,ITD
2020-05-15,5960,6200,5940,6200,19910,ITD
2020-05-18,6600,6600,6220,6530,5910,ITD
2020-05-19,6230,6380,6210,6380,2600,ITD
2020-05-20,6310,6380,6300,6300,990,ITD
2020-05-21,6340,6340,6160,6310,5260,ITD
2020-05-22,6290,6290,6210,6210,420,ITD
2020-05-25,6310,6310,5870,6200,12870,ITD
2020-05-26,6380,6380,6150,6200,24730,ITD
2020-05-27,6200,6230,6160,6220,22890,ITD
2020-05-28,6230,6340,6230,6230,13710,ITD
2020-05-29,6380,6380,6210,6310,11040,ITD
2020-06-01,6410,6750,6310,6690,13230,ITD
2020-06-02,6310,6680,6310,6390,27560,ITD
2020-06-03,6820,6820,6340,6750,700,ITD
2020-06-04,6750,6750,6470,6670,1090,ITD
2020-06-05,6460,6460,6420,6450,9030,ITD
2020-06-08,6450,6750,6450,6600,69360,ITD
2020-06-09,6600,6820,6500,6820,84110,ITD
2020-06-10,6600,6820,6530,6820,10720,ITD
2020-06-11,6610,6820,6610,6610,10320,ITD
2020-06-12,6610,6610,6310,6380,20020,ITD
2020-06-15,6380,6530,6340,6530,8640,ITD
2020-06-16,6450,6670,6420,6670,19200,ITD
2020-06-17,6590,6780,6530,6670,115040,ITD
2020-06-18,6670,6960,6670,6960,29160,ITD
2020-06-19,6960,6960,6670,6940,58030,ITD
2020-06-22,6960,6960,6670,6940,101600,ITD
2020-06-23,6930,6960,6890,6890,47870,ITD
2020-06-24,6890,6900,6820,6820,76440,ITD
2020-06-25,6450,6860,6450,6810,12300,ITD
2020-06-26,6780,6810,6600,6810,13980,ITD
2020-06-29,6600,6800,6600,6750,11880,ITD
2020-06-30,6640,6770,6610,6750,14400,ITD
2020-07-01,6610,6820,6600,6780,14530,ITD
2020-07-02,6600,6780,6600,6780,850,ITD
2020-07-03,6600,6780,6600,6760,10280,ITD
2020-07-06,6750,6750,6600,6670,690,ITD
2020-07-07,6600,6750,6600,6750,26970,ITD
2020-07-08,6670,6670,6570,6670,20660,ITD
2020-07-09,6670,6670,6600,6670,880,ITD
2020-07-10,6670,6750,6670,6750,11970,ITD
2020-07-13,6750,6750,6750,6750,3160,ITD
2020-07-14,6610,6710,6600,6710,3640,ITD
2020-07-15,6710,6750,6710,6750,7910,ITD
2020-07-16,6750,6750,6750,6750,110,ITD
2020-07-17,6620,6710,6600,6710,280,ITD
2020-07-20,6740,6750,6670,6670,2950,ITD
2020-07-21,6670,6670,6600,6600,23370,ITD
2020-07-22,6710,6710,6640,6710,20760,ITD
2020-07-23,6750,7040,6600,6750,6210,ITD
2020-07-24,6750,6750,6600,6660,840,ITD
2020-07-27,6670,6670,6200,6610,30910,ITD
2020-07-28,6530,6610,6530,6610,43380,ITD
2020-07-29,6660,6660,6310,6640,450,ITD
2020-07-30,6640,6640,6320,6320,220,ITD
2020-07-31,6600,6620,6320,6590,10130,ITD
2020-08-03,6590,6970,6560,6560,2060,ITD
2020-08-04,6630,6630,6480,6600,1140,ITD
2020-08-05,6630,6630,6310,6600,5950,ITD
2020-08-06,6480,6580,6450,6580,8110,ITD
2020-08-07,6670,6670,6450,6590,240,ITD
2020-08-10,6600,6600,6420,6600,5740,ITD
2020-08-11,6530,6600,6450,6450,32540,ITD
2020-08-12,6600,6600,6450,6530,1710,ITD
2020-08-13,6600,6600,6530,6530,5930,ITD
2020-08-14,6510,6600,6450,6600,6050,ITD
2020-08-17,6600,6600,6560,6590,36740,ITD
2020-08-18,6560,6560,6560,6560,18520,ITD
2020-08-19,6590,6590,6530,6590,12760,ITD
2020-08-20,6590,6590,6530,6590,13210,ITD
2020-08-21,6590,6590,6530,6560,14740,ITD
2020-08-24,6560,6590,6540,6560,35430,ITD
2020-08-25,6560,6570,6540,6560,15390,ITD
2020-08-26,6570,6890,6570,6670,25870,ITD
2020-08-27,6590,7110,6590,7110,97960,ITD
2020-08-28,7110,7110,7070,7070,126500,ITD
2020-08-31,7050,7070,6600,6750,11650,ITD
2020-09-01,6750,7040,6750,6930,53960,ITD
2020-09-03,6850,6930,6780,6890,56530,ITD
2020-09-04,6960,6960,6830,6960,16200,ITD
2020-09-07,6900,6960,6890,6960,26100,ITD
2020-09-08,6910,7080,6860,7080,48660,ITD
2020-09-09,7040,7190,6970,7150,11500,ITD
2020-09-10,7150,7150,6970,6970,18220,ITD
2020-09-11,6970,7110,6970,7110,18290,ITD
2020-09-14,7110,7110,6860,7110,10220,ITD
2020-09-15,6930,7040,6930,6970,3630,ITD
2020-09-16,6970,7180,6970,7110,11080,ITD
2020-09-17,7110,7590,7110,7330,19880,ITD
2020-09-18,7190,7330,7190,7330,950,ITD
2020-09-21,7320,7330,7190,7330,2000,ITD
2020-09-22,6980,7330,6980,7330,1850,ITD
2020-09-23,7110,7250,7040,7250,15330,ITD
2020-09-24,7040,7250,7040,7250,40,ITD
2020-09-25,7050,7140,7040,7140,2510,ITD
2020-09-28,7040,7050,6980,6980,21210,ITD
2020-09-29,7110,7330,7010,7010,8740,ITD
2020-09-30,7330,7330,7040,7040,1100,ITD
2020-10-01,7110,7110,7010,7110,7100,ITD
2020-10-02,7110,7190,6970,7080,29510,ITD
2020-10-05,7000,7160,7000,7160,1680,ITD
2020-10-06,7010,7110,7000,7110,1080,ITD
2020-10-07,7300,7300,7080,7150,56620,ITD
2020-10-08,7330,7330,7080,7080,11290,ITD
2020-10-09,7180,7180,7080,7110,5060,ITD
2020-10-12,7150,7330,7120,7150,33860,ITD
2020-10-13,7080,7330,7080,7220,18280,ITD
2020-10-14,7320,7320,7090,7090,13390,ITD
2020-10-15,7220,7260,7090,7190,11830,ITD
2020-10-16,7110,7120,7080,7080,1930,ITD
2020-10-19,7110,7220,7040,7220,41650,ITD
2020-10-20,7150,7230,7110,7220,37150,ITD
2020-10-21,7220,7240,7120,7220,43560,ITD
2020-10-22,7120,7120,7040,7040,24810,ITD
2020-10-23,7040,7120,7040,7070,129980,ITD
2020-10-26,7110,7180,7080,7180,131970,ITD
2020-10-27,7110,7150,7110,7110,9710,ITD
2020-10-28,7110,7110,7040,7040,8600,ITD
2020-10-29,7030,7080,7030,7040,5830,ITD
2020-10-30,7030,7110,7030,7040,14420,ITD
2020-11-02,7160,7480,7110,7440,52240,ITD
2020-11-03,7410,7440,7330,7410,124650,ITD
2020-11-04,7440,7660,7410,7660,64780,ITD
2020-11-05,7590,7590,7160,7330,36560,ITD
2020-11-06,7330,7410,7260,7270,30300,ITD
2020-11-09,7270,7310,7260,7300,37660,ITD
2020-11-10,7300,7310,7270,7310,60910,ITD
2020-11-11,7300,7320,7250,7250,101980,ITD
2020-11-12,7290,7300,7080,7270,57280,ITD
2020-11-13,7300,7770,7290,7520,113430,ITD
2020-11-16,7720,7720,7300,7310,106890,ITD
2020-11-17,7300,7390,7290,7310,89700,ITD
2020-11-18,7310,7310,7150,7230,68550,ITD
2020-11-19,7230,7230,6830,7150,172100,ITD
2020-11-20,7000,7650,7000,7650,850120,ITD
2020-11-23,7650,7920,7480,7720,547540,ITD
2020-11-24,7720,7720,7490,7560,54630,ITD
2020-11-25,7560,7720,7480,7560,7250,ITD
2020-11-26,7480,7700,7480,7480,41390,ITD
2020-11-27,7640,7740,7500,7720,472640,ITD
2020-11-30,7720,7800,7640,7760,71870,ITD
2020-12-01,7720,7720,7640,7700,110130,ITD
2020-12-02,7700,7700,7610,7700,31400,ITD
2020-12-03,7700,7700,7560,7600,25620,ITD
2020-12-04,7600,7800,7600,7720,34090,ITD
2020-12-07,7740,7740,7200,7610,50980,ITD
2020-12-08,7610,7680,7560,7630,33380,ITD
2020-12-09,7530,7640,7520,7580,59520,ITD
2020-12-10,7640,7640,7560,7560,27920,ITD
2020-12-11,7570,7600,7520,7600,17330,ITD
2020-12-14,7640,7640,7540,7540,203720,ITD
2020-12-15,7560,7600,7480,7480,282600,ITD
2020-12-16,7560,7560,7480,7480,40750,ITD
2020-12-17,7480,7560,7440,7450,22740,ITD
2020-12-18,7450,7520,7440,7520,36460,ITD
2020-12-21,7520,7520,7400,7420,61190,ITD
2020-12-22,7230,7490,7230,7390,92180,ITD
2020-12-23,7440,7640,7440,7580,42790,ITD
2020-12-24,7460,7630,7310,7480,32570,ITD
2020-12-25,7480,7480,7360,7470,29350,ITD
2020-12-28,7470,7560,7470,7490,21440,ITD
2020-12-29,7480,7560,7450,7520,83580,ITD
2020-12-30,7570,7570,7520,7520,30820,ITD
2020-12-31,7480,7600,7480,7590,57270,ITD
2021-01-04,7640,8119,7640,8119,204600,ITD
2021-01-05,8610,8650,8610,8650,363800,ITD
2021-01-06,9220,9220,9100,9220,305100,ITD
2021-01-07,9350,9350,8780,9180,160300,ITD
2021-01-08,9100,9180,8860,9100,130900,ITD
2021-01-11,9060,9100,8860,9100,188700,ITD
2021-01-12,9100,9100,8940,9020,96400,ITD
2021-01-13,9020,9020,8780,8780,336000,ITD
2021-01-14,8700,9180,8610,9180,145300,ITD
2021-01-15,9180,9510,9140,9350,87800,ITD
2021-01-18,9350,9350,9180,9350,294500,ITD
2021-01-19,9350,9630,8700,8860,134700,ITD
2021-01-20,8370,9100,8250,9100,197200,ITD
2021-01-21,9100,9180,8940,9100,90600,ITD
2021-01-22,9020,9100,8700,8780,130400,ITD
2021-01-25,8780,8940,8450,8940,49500,ITD
2021-01-26,8700,8780,8450,8450,30800,ITD
2021-01-27,8410,9020,8410,8780,296000,ITD
2021-01-28,8610,8610,8170,8170,204400,ITD
2021-01-29,8130,8610,8130,8610,29500,ITD
2021-02-01,8610,8610,8210,8530,36500,ITD
2021-02-02,8530,8700,8370,8530,28400,ITD
2021-02-03,8410,9100,8410,8860,86900,ITD
2021-02-04,8940,8940,8780,8900,17900,ITD
2021-02-05,9100,9100,8820,8820,33200,ITD
2021-02-08,8860,8940,8610,8650,23300,ITD
2021-02-09,8860,8860,8610,8650,39700,ITD
2021-02-17,8650,9100,8650,9100,49600,ITD
2021-02-18,9300,9300,8860,8900,20300,ITD
2021-02-19,8900,8940,8700,8860,36500,ITD
2021-02-22,8860,9060,8700,9060,74500,ITD
2021-02-23,8860,9100,8780,9060,24400,ITD
2021-02-24,8940,9020,8860,8900,31500,ITD
2021-02-25,8900,9060,8860,9060,36500,ITD
2021-02-26,9020,9100,8940,9060,15300,ITD
2021-03-01,9060,9670,9060,9670,282200,ITD
2021-03-02,10320,10320,10240,10320,470200,ITD
2021-03-03,10970,10970,10320,10480,120600,ITD
2021-03-04,10970,10970,10080,10160,290000,ITD
2021-03-05,9910,10160,9710,10080,161000,ITD
2021-03-08,10080,10650,10080,10360,54300,ITD
2021-03-09,10200,10400,9750,10160,115100,ITD
2021-03-10,10160,10160,9910,9950,53300,ITD
2021-03-11,10000,10160,9950,9950,51700,ITD
2021-03-12,9950,10160,9910,10040,68400,ITD
2021-03-15,10040,10080,10000,10040,70400,ITD
2021-03-16,10080,10080,9870,10040,49300,ITD
2021-03-17,10080,10080,9430,9910,120800,ITD
2021-03-18,9910,10000,9910,9910,26300,ITD
2021-03-19,9910,10600,9830,10600,314600,ITD
2021-03-22,10600,11090,10560,10850,151100,ITD
2021-03-23,10850,10930,10560,10730,72600,ITD
2021-03-24,10320,10520,10080,10240,176900,ITD
2021-03-25,10400,10480,10240,10240,72500,ITD
2021-03-26,10240,10810,10160,10560,140600,ITD
2021-03-29,10730,10810,10480,10650,88100,ITD
2021-03-30,10560,10730,10440,10730,138600,ITD
2021-03-31,10730,10730,10400,10650,218300,ITD
2021-04-01,10690,10690,10560,10650,60400,ITD
2021-04-02,10650,10650,10480,10480,93700,ITD
2021-04-05,10650,11210,10480,11130,296500,ITD
2021-04-06,11380,11380,10970,11010,98600,ITD
2021-04-07,11010,11130,10970,11010,132400,ITD
2021-04-08,11010,11010,10560,10810,58000,ITD
2021-04-09,10810,10810,10690,10690,82000,ITD
2021-04-12,10690,10930,10560,10810,66500,ITD
2021-04-13,10890,10970,10560,10810,65400,ITD
2021-04-14,10560,10890,10560,10890,89800,ITD
2021-04-15,10810,10890,10560,10850,83700,ITD
2021-04-16,10890,10890,10440,10480,38100,ITD
2021-04-19,10480,10560,10240,10480,59100,ITD
2021-04-20,10480,10560,10400,10400,36000,ITD
2021-04-22,10400,10520,10240,10240,44100,ITD
2021-04-23,9830,10400,9830,10320,64900,ITD
2021-04-26,10240,10480,10240,10240,7400,ITD
2021-04-27,10160,10320,10000,10320,39000,ITD
2021-04-28,10080,11010,10080,10730,1168300,ITD
2021-04-29,10970,11010,10560,10560,183600,ITD
2021-05-04,10560,10560,10360,10360,30000,ITD
2021-05-05,10320,10560,10080,10160,100300,ITD
2021-05-06,10160,10850,10160,10850,357100,ITD
2021-05-07,10970,11340,10890,11050,196100,ITD
2021-05-10,11210,11580,11130,11540,318600,ITD
2021-05-11,11540,11540,11130,11460,223100,ITD
2021-05-12,11380,11540,11130,11460,73900,ITD
2021-05-13,11460,11540,11300,11380,74900,ITD
2021-05-14,11380,11380,11010,11050,54200,ITD
2021-05-17,11210,11210,10730,11010,63900,ITD
2021-05-18,11010,11460,10730,11170,54600,ITD
2021-05-19,11300,11420,10730,10770,93100,ITD
2021-05-20,11170,11170,10320,10480,79900,ITD
2021-05-21,10320,11130,10200,10930,74000,ITD
2021-05-24,10930,11010,10320,10560,64300,ITD
2021-05-25,10810,10810,10480,10560,48700,ITD
2021-05-26,10440,10650,10440,10560,95000,ITD
2021-05-27,10400,10650,10320,10400,13100,ITD
2021-05-28,10400,10520,10400,10440,48100,ITD
2021-05-31,10400,10440,10320,10400,45000,ITD
2021-06-01,10400,10520,10360,10520,46100,ITD
2021-06-02,10520,10690,10480,10650,31100,ITD
2021-06-03,11050,11050,10650,10770,50400,ITD
2021-06-04,10600,10770,10560,10730,88200,ITD
2021-06-07,10650,10850,10480,10650,109900,ITD
2021-06-08,10690,10690,10520,10520,39200,ITD
2021-06-09,10520,10690,10440,10690,54900,ITD
2021-06-10,10690,10730,10480,10480,27200,ITD
2021-06-11,10690,10690,10520,10520,25700,ITD
2021-06-14,10520,10690,10480,10560,71700,ITD
2021-06-15,10560,10600,10480,10560,84800,ITD
2021-06-16,10560,10650,10480,10560,36400,ITD
2021-06-17,10360,10600,10360,10560,40000,ITD
2021-06-18,10560,10690,10400,10560,121100,ITD
2021-06-21,10560,11300,10480,11300,242500,ITD
2021-06-22,11380,11380,10690,10810,57200,ITD
2021-06-23,10810,10810,10480,10810,109700,ITD
2021-06-24,10560,10770,10480,10730,104100,ITD
2021-06-25,10730,10730,10480,10650,30900,ITD
2021-06-28,10650,11050,10650,10970,84400,ITD
2021-06-29,10970,11170,10970,10970,110700,ITD
2021-06-30,10970,11700,10970,11700,854900,ITD
2021-07-01,11700,12510,11700,12510,798500,ITD
2021-07-02,12920,13370,12680,13370,464700,ITD
2021-07-05,13730,13730,12430,12920,384800,ITD
2021-07-06,12600,12680,12190,12190,220200,ITD
2021-07-07,12510,13040,11620,13040,351400,ITD
2021-07-08,13730,13940,13330,13940,740500,ITD
2021-07-09,14020,14910,13650,14630,628800,ITD
2021-07-12,14550,14630,13810,14220,367300,ITD
2021-07-13,14300,15160,14220,15030,320200,ITD
2021-07-14,15420,15500,14050,14530,306700,ITD
2021-07-15,14530,14530,14000,14130,88000,ITD
2021-07-16,13800,15020,13800,14450,183200,ITD
2021-07-19,13720,14280,13720,13750,212400,ITD
2021-07-20,13800,14050,13550,13960,157900,ITD
2021-07-21,14130,14130,13750,13960,109400,ITD
2021-07-22,13960,14530,13880,14080,99800,ITD
2021-07-23,14250,14450,13880,14080,92700,ITD
2021-07-26,14050,14050,13110,13310,353800,ITD
2021-07-27,13390,13390,12830,12990,173400,ITD
2021-07-28,12990,13230,12830,13230,140600,ITD
2021-07-29,13310,13310,12750,12830,166200,ITD
2021-07-30,12860,13720,12420,13720,347700,ITD
2021-08-02,13720,14610,13720,14130,204600,ITD
2021-08-03,14130,14280,13750,13800,133900,ITD
2021-08-04,13800,13960,13640,13800,243700,ITD
2021-08-05,13800,14160,13800,13960,172400,ITD
2021-08-06,13960,14940,13880,14940,858300,ITD
2021-08-09,15260,15910,15260,15420,593300,ITD
2021-08-10,15420,15660,15020,15100,535300,ITD
2021-08-11,15020,15830,15020,15420,873400,ITD
2021-08-12,15750,15750,15380,15550,334700,ITD
2021-08-13,15500,15500,14610,15340,517300,ITD
2021-08-16,15340,15990,15100,15580,474200,ITD
2021-08-17,15750,15830,15020,15300,456500,ITD
2021-08-18,15300,15300,14360,14890,494500,ITD
2021-08-19,14530,14890,14450,14690,468100,ITD
2021-08-20,14610,14770,13670,13800,419700,ITD
2021-08-23,13800,14450,13470,13920,225700,ITD
2021-08-24,13920,13920,13390,13440,342600,ITD
2021-08-25,13390,13640,13390,13640,112400,ITD
2021-08-26,13750,14200,13640,13960,260500,ITD
2021-08-27,13960,14050,13720,13920,151100,ITD
2021-08-30,14610,14650,14200,14650,274300,ITD
2021-08-31,14850,14850,14450,14490,242900,ITD
2021-09-01,14450,14450,14200,14450,198800,ITD
2021-09-06,15020,15020,14610,14850,382600,ITD
2021-09-07,15020,15100,14450,14450,185100,ITD
2021-09-08,14450,14490,14050,14280,98600,ITD
2021-09-09,14280,14450,13720,14280,123700,ITD
2021-09-10,14280,14450,13880,14130,348600,ITD
2021-09-13,13920,14250,13920,13920,175300,ITD
2021-09-14,13960,14890,13960,14890,582300,ITD
2021-09-15,15500,15790,15180,15790,1032000,ITD
2021-09-16,15910,16880,15910,16880,1207200,ITD
2021-09-17,17770,17940,17050,17130,1130500,ITD
2021-09-20,17540,17770,16470,17210,809300,ITD
2021-09-21,17050,17290,16640,17160,720600,ITD
2021-09-22,16800,17210,16800,17050,666500,ITD
2021-09-23,17050,18220,17050,17540,811800,ITD
2021-09-24,17850,18180,17290,17450,540100,ITD
2021-09-27,17450,17450,16239,16239,555800,ITD
2021-09-28,15420,15830,15100,15790,719700,ITD
2021-09-29,15790,16880,15790,16800,415800,ITD
2021-09-30,16800,17450,16640,17130,434200,ITD
2021-10-01,17050,17050,16400,16400,370400,ITD
2021-10-04,16640,17050,15910,16600,365700,ITD
2021-10-05,16800,16800,16320,16400,268800,ITD
2021-10-06,16640,17540,16320,17540,724000,ITD
2021-10-07,17540,18550,17540,18100,933400,ITD
2021-10-08,18260,18380,18100,18180,696300,ITD
2021-10-11,18180,18590,17450,18060,672000,ITD
2021-10-12,18380,18380,17850,17980,384300,ITD
2021-10-13,18260,19240,17980,19240,1479300,ITD
2021-10-14,20290,20370,19650,20050,1027600,ITD
2021-10-15,20050,20370,19480,20130,476400,ITD
2021-10-18,20050,20130,19600,19760,944100,ITD
2021-10-19,19760,21100,19520,21100,829900,ITD
2021-10-20,21100,21920,20700,21430,629200,ITD
2021-10-21,21260,21260,20700,21100,727300,ITD
2021-10-22,20620,20950,20210,20450,1094400,ITD
2021-10-25,19880,20290,19280,19400,1715700,ITD
2021-10-26,19150,19650,18830,19240,692800,ITD
2021-10-27,19240,20290,19120,19650,974300,ITD
2021-10-28,19650,20290,19320,20010,1077800,ITD
2021-10-29,19960,20010,19400,19560,675600,ITD
2021-11-01,19200,20210,18990,19960,1239200,ITD
2021-11-02,20050,20950,19810,20050,907600,ITD
2021-11-03,20050,20050,18670,18670,1074900,ITD
2021-11-04,17940,19070,17850,18870,557400,ITD
2021-11-05,18870,18870,18100,18460,592900,ITD
2021-11-08,18460,18910,18460,18830,369300,ITD
2021-11-09,18950,20130,18950,20130,984400,ITD
2021-11-10,21100,21100,20170,20210,1115100,ITD
2021-11-11,20290,20290,19480,19880,733800,ITD
2021-11-12,19730,19850,19320,19440,671000,ITD
2021-11-15,19440,19440,18630,18990,639000,ITD
2021-11-16,18670,19600,18630,19150,562500,ITD
2021-11-17,19240,19350,18670,18830,389800,ITD
2021-11-18,18510,18750,17850,18430,839900,ITD
2021-11-19,18350,18430,17160,17160,1516300,ITD
2021-11-22,17050,17080,15990,15990,992600,ITD
2021-11-23,15830,16800,14940,16800,553900,ITD
2021-11-24,17690,17690,16640,16640,494300,ITD
2021-11-25,16640,16850,16149,16640,317300,ITD
2021-11-26,16720,16720,16190,16440,532200,ITD
2021-11-29,16239,17210,16190,16930,627300,ITD
2021-11-30,17370,17450,16720,16930,376600,ITD
2021-12-01,16680,16880,16400,16800,280300,ITD
2021-12-02,16470,17050,16470,16720,292400,ITD
2021-12-03,16720,16930,16070,16070,291400,ITD
2021-12-06,15260,15870,14970,14970,462300,ITD
2021-12-07,14690,15380,14530,14810,374400,ITD
2021-12-08,15020,15100,14610,14610,220300,ITD
2021-12-09,14610,14810,14280,14810,260700,ITD
2021-12-10,14850,14940,14650,14890,265500,ITD
2021-12-13,15100,15910,15100,15910,278900,ITD
2021-12-14,16550,16550,15710,15830,234300,ITD
2021-12-15,15830,15830,15180,15300,256800,ITD
2021-12-16,15300,15420,14610,15140,247900,ITD
2021-12-17,15380,15380,14940,15220,256000,ITD
2021-12-20,15340,15340,14770,15100,201400,ITD
2021-12-21,15100,15100,14650,14650,228400,ITD
2021-12-22,14650,14970,14650,14940,334000,ITD
2021-12-23,14770,14850,14360,14610,276700,ITD
2021-12-24,14610,14850,14490,14690,183800,ITD
2021-12-27,14770,14770,14250,14450,195700,ITD
2021-12-28,14280,14570,14130,14360,267500,ITD
2021-12-29,14360,14360,14080,14200,178500,ITD
2021-12-30,14570,14570,14050,14080,176400,ITD
2021-12-31,14130,14280,13550,13800,329000,ITD
2022-01-04,13800,14450,13800,14280,175600,ITD
2022-01-05,14280,14360,13920,14130,198500,ITD
2022-01-06,14130,14280,13840,14130,341000,ITD
2022-01-07,14130,14130,13880,13920,247700,ITD
2022-01-10,13880,13880,13470,13670,463200,ITD
2022-01-11,13750,13750,13110,13640,224800,ITD
2022-01-12,13640,13640,12830,12990,315800,ITD
2022-01-13,12990,13030,12090,12140,609600,ITD
2022-01-14,12090,12540,11930,12460,178800,ITD
2022-01-17,12500,12620,11770,11770,173600,ITD
2022-01-18,11200,12010,11200,11480,256400,ITD
2022-01-19,11480,12250,11480,12250,186200,ITD
2022-01-20,12990,13110,12340,13110,306100,ITD
2022-01-21,13390,13390,12910,12990,174200,ITD
2022-01-24,12990,12990,12090,12140,167300,ITD
2022-01-25,12420,12460,11770,12460,70100,ITD
2022-01-26,12460,12660,12010,12300,57700,ITD
2022-01-27,12300,12540,11930,12170,96200,ITD
2022-01-28,12010,12250,11930,12250,70200,ITD
2022-02-07,12990,13060,12170,12620,85400,ITD
2022-02-08,13230,13500,13180,13450,153600,ITD
2022-02-09,13450,13770,13270,13450,104900,ITD
2022-02-10,13450,13590,13410,13590,194400,ITD
2022-02-11,13640,13640,13180,13550,105600,ITD
2022-02-14,13090,13550,13090,13550,129900,ITD
2022-02-15,13450,13550,13320,13360,83400,ITD
2022-02-16,13230,13910,13230,13820,318000,ITD
2022-02-17,13820,13950,13680,13820,102700,ITD
2022-02-18,13820,14140,13680,14140,154100,ITD
2022-02-21,14180,14730,14180,14500,309300,ITD
2022-02-22,14050,14270,13910,14180,177600,ITD
2022-02-23,14090,14270,13820,14140,127200,ITD
2022-02-24,14090,14090,13230,13550,322400,ITD
2022-02-25,13590,14000,13590,13680,120100,ITD
2022-02-28,13680,13820,13450,13640,124300,ITD
2022-03-01,13640,13950,13410,13640,136400,ITD
2022-03-02,13640,13640,13320,13360,215200,ITD
2022-03-03,13360,13640,13360,13590,110900,ITD
2022-03-04,13590,14090,13590,14090,329500,ITD
2022-03-07,14180,15050,14000,15050,962200,ITD
2022-03-08,15270,15550,15050,15090,579400,ITD
2022-03-09,15090,15090,14230,14640,328300,ITD
2022-03-10,14640,15450,14640,15360,530900,ITD
2022-03-11,15730,15770,15270,15640,631000,ITD
2022-03-14,15360,15360,14730,14730,395000,ITD
2022-03-15,14550,15090,14360,14820,288900,ITD
2022-03-16,15230,15360,14950,15180,243900,ITD
2022-03-17,15680,15680,15140,15180,228200,ITD
2022-03-18,15090,15640,15000,15450,611500,ITD
2022-03-21,15640,16050,15450,15500,454400,ITD
2022-03-22,15500,15550,15320,15360,393600,ITD
2022-03-23,15450,15730,15090,15730,551700,ITD
2022-03-24,15640,16360,15640,16140,688800,ITD
2022-03-25,16140,16180,15860,15860,458900,ITD
2022-03-28,15550,16050,15230,15410,433500,ITD
2022-03-29,15180,16450,15180,16360,919800,ITD
2022-03-30,16050,17000,15860,16180,618000,ITD
2022-03-31,16360,16820,16090,16320,423200,ITD
2022-04-01,16180,16270,15730,16140,335400,ITD
2022-04-04,16360,16450,16050,16180,446000,ITD
2022-04-05,16140,17270,16000,17270,1513800,ITD
2022-04-06,16910,17730,16910,17180,541600,ITD
2022-04-07,17230,17230,16640,16640,341300,ITD
2022-04-08,16450,16450,15640,15640,821000,ITD
2022-04-12,15450,15640,14860,14910,543300,ITD
2022-04-13,14860,15640,14550,15500,342600,ITD
2022-04-14,15550,15820,15270,15270,285800,ITD
2022-04-15,15270,15410,14860,15090,372500,ITD
2022-04-18,14550,15680,14550,15450,520300,ITD
2022-04-19,15730,15820,14550,14550,310100,ITD
2022-04-20,14550,14910,13640,13640,325500,ITD
2022-04-21,12820,13640,12680,12680,697900,ITD
2022-04-22,12230,13360,12090,12730,329300,ITD
2022-04-25,13000,13090,11860,11910,393700,ITD
2022-04-26,11860,12360,11090,12360,235600,ITD
2022-04-27,12360,12910,12360,12910,135600,ITD
2022-04-28,12550,13090,12500,12640,141700,ITD
2022-04-29,12320,13270,12320,13270,312400,ITD
2022-05-04,13270,13730,13180,13450,231500,ITD
2022-05-05,13550,13550,12820,13270,182700,ITD
2022-05-06,13000,13180,12410,12410,283500,ITD
2022-05-09,12270,12550,11550,11550,406000,ITD
2022-05-10,11090,12000,11090,12000,140000,ITD
2022-05-11,12000,12640,12000,12410,74800,ITD
2022-05-12,12230,12320,12000,12050,211100,ITD
2022-05-13,12090,12320,11230,11270,284900,ITD
2022-05-16,11640,11910,11360,11640,106300,ITD
2022-05-17,11640,12360,11640,12180,88700,ITD
2022-05-18,12180,12550,12180,12270,72500,ITD
2022-05-19,11550,12230,11450,11910,142300,ITD
2022-05-20,11910,12230,11910,12000,87200,ITD
2022-05-23,12270,12450,11770,11910,130200,ITD
2022-05-24,11860,12090,11550,12090,85100,ITD
2022-05-25,12090,12450,12050,12450,169600,ITD
2022-05-26,12820,12820,12360,12450,94100,ITD
2022-05-27,12410,13320,12410,13320,470700,ITD
2022-05-30,13360,13640,13180,13500,218600,ITD
2022-05-31,13500,13640,13270,13550,179000,ITD
2022-06-01,13550,13550,13140,13500,188800,ITD
2022-06-02,13270,13550,13090,13410,158600,ITD
2022-06-03,13270,13500,13140,13230,99700,ITD
2022-06-06,13230,13360,12550,12770,90700,ITD
2022-06-07,12950,13050,12450,12730,125000,ITD
2022-06-08,12730,13090,12730,13090,145100,ITD
2022-06-09,12730,13450,12730,13090,43600,ITD
2022-06-10,12910,12950,12590,12590,241300,ITD
2022-06-13,11730,12360,11730,11730,210800,ITD
2022-06-14,11270,11910,11050,11050,179500,ITD
2022-06-15,11360,11640,10820,11140,292100,ITD
2022-06-16,11180,11680,11140,11450,177000,ITD
2022-06-17,10770,11360,10770,10860,317200,ITD
2022-06-20,10860,10860,10140,10140,168600,ITD
2022-06-21,9640,10550,9640,10270,129800,ITD
2022-06-22,10820,10820,10090,10640,43100,ITD
2022-06-23,10770,10770,10230,10640,100600,ITD
2022-06-24,10640,10910,10500,10680,84800,ITD
2022-06-27,10680,11090,10680,11090,134800,ITD
2022-06-28,11090,11270,10820,10910,86700,ITD
2022-06-29,10910,10910,10680,10860,28900,ITD
2022-06-30,10820,10910,10500,10500,50200,ITD
2022-07-01,10450,10860,10000,10270,61600,ITD
2022-07-04,10820,10820,10270,10410,29300,ITD
2022-07-05,10820,10820,10000,10410,58900,ITD
2022-07-06,10090,10860,10090,10270,58500,ITD
2022-07-07,10180,10550,10050,10180,35300,ITD
2022-07-08,10230,10360,10230,10320,15400,ITD
2022-07-11,10000,10500,10000,10180,48000,ITD
2022-07-12,10270,10450,10230,10410,76400,ITD
2022-07-13,10450,10590,10410,10550,45700,ITD
2022-07-14,10500,10590,10180,10550,33500,ITD
2022-07-15,10550,10910,10450,10590,122100,ITD
2022-07-18,10820,11000,10590,10820,87700,ITD
2022-07-19,10820,10820,10550,10820,47300,ITD
2022-07-20,10550,11550,10550,11180,272600,ITD
2022-07-21,11180,11410,10910,11090,105700,ITD
2022-07-22,11090,11090,10770,11050,141500,ITD
2022-07-25,11050,11050,10550,10730,72500,ITD
2022-07-26,10730,10910,10730,10820,53300,ITD
2022-07-27,10730,10910,10730,10910,48600,ITD
2022-07-28,10910,11180,10910,11090,155800,ITD
2022-07-29,11050,11090,10730,10730,187200,ITD
2022-08-01,10770,10820,10550,10550,164300,ITD
2022-08-02,10550,10680,10450,10640,164600,ITD
2022-08-03,10640,10820,10640,10730,89200,ITD
2022-08-04,10860,11000,10770,10860,131200,ITD
2022-08-05,10910,11270,10770,11050,286600,ITD
2022-08-08,11360,11360,11000,11140,488700,ITD
2022-08-09,11090,11680,11090,11410,361700,ITD
2022-08-10,11270,11450,11180,11230,298600,ITD
2022-08-11,11270,11550,11140,11140,493300,ITD
2022-08-12,11140,11270,11090,11140,229600,ITD
2022-08-15,11140,11230,11050,11140,325600,ITD
2022-08-16,11270,11500,11140,11410,478800,ITD
2022-08-17,11410,11550,10820,11140,351800,ITD
2022-08-18,10950,11090,10860,10950,145300,ITD
2022-08-19,10950,10950,10640,10680,210300,ITD
2022-08-22,10590,10640,10320,10410,304900,ITD
2022-08-23,10360,10590,10360,10450,121900,ITD
2022-08-24,10500,10680,10450,10590,136500,ITD
2022-08-25,10590,10640,10000,10550,212700,ITD
2022-08-26,10640,10640,10410,10450,145800,ITD
2022-08-29,10320,10320,10000,10270,192400,ITD
2022-08-30,10270,10450,10270,10270,50400,ITD
2022-08-31,10270,10550,10270,10550,101700,ITD
2022-09-05,10550,10730,10320,10320,114800,ITD
2022-09-06,10360,10450,10320,10410,72100,ITD
2022-09-07,10410,10590,10090,10140,170500,ITD
2022-09-08,10230,10270,10050,10230,69600,ITD
2022-09-09,10450,10450,10050,10180,130000,ITD
2022-09-12,10090,10270,10090,10140,43900,ITD
2022-09-13,10000,10180,10000,10000,106600,ITD
2022-09-14,9820,10000,9820,10000,82700,ITD
2022-09-15,10000,10090,9910,10000,47100,ITD
2022-09-16,10000,10000,9820,9860,126500,ITD
2022-09-19,9820,9820,9180,9180,264700,ITD
2022-09-20,9180,9590,9180,9410,100400,ITD
2022-09-21,9180,9410,9090,9140,86200,ITD
2022-09-22,9090,9180,8910,9180,75000,ITD
2022-09-23,9090,9230,9090,9090,29000,ITD
2022-09-26,8760,9060,8450,8900,385600,ITD
2022-09-27,8860,8990,8650,8810,30300,ITD
2022-09-28,8740,8820,8550,8730,96800,ITD
2022-09-29,8460,8730,8460,8630,30600,ITD
2022-09-30,8640,8640,8189,8640,191400,ITD
2022-10-03,8360,8590,8090,8090,183100,ITD
2022-10-04,8180,8560,8000,8230,218300,ITD
2022-10-05,8360,8670,8340,8660,84000,ITD
2022-10-06,8470,8480,8430,8450,36600,ITD
2022-10-07,8020,8450,8020,8450,144100,ITD
2022-10-10,8180,8830,8180,8830,103500,ITD
2022-10-11,8680,8730,8460,8460,94900,ITD
2022-10-12,8460,8690,8450,8650,129200,ITD
2022-10-13,8680,8860,8550,8640,164500,ITD
2022-10-14,8890,8890,8590,8730,96400,ITD
2022-10-17,8640,8860,8590,8770,20600,ITD
2022-10-18,8730,8910,8730,8900,40900,ITD
2022-10-19,8760,8910,8750,8760,12600,ITD
2022-10-20,8820,8930,8820,8840,135500,ITD
2022-10-21,8750,8830,8600,8680,190900,ITD
2022-10-24,8640,8680,8410,8410,176200,ITD
2022-10-25,8180,8980,8180,8810,284600,ITD
2022-10-26,8960,9000,8730,9000,174700,ITD
2022-10-27,8910,9590,8910,9590,164500,ITD
2022-10-28,9550,10180,9410,9820,215600,ITD
2022-10-31,10230,10230,9820,9950,77300,ITD
2022-11-01,9950,10550,9950,10180,276600,ITD
2022-11-02,10640,10860,10410,10860,472100,ITD
2022-11-03,10950,11270,10680,10680,172900,ITD
2022-11-04,10450,10450,10270,10320,65800,ITD
2022-11-07,10360,10590,10230,10450,144800,ITD
2022-11-08,10360,10820,10320,10820,263500,ITD
2022-11-09,10910,11090,10550,10550,51000,ITD
2022-11-10,10500,10500,9820,9860,206200,ITD
2022-11-11,9770,10050,9770,10050,109600,ITD
2022-11-14,10050,10180,9730,10180,71600,ITD
2022-11-15,9640,9730,9500,9550,157300,ITD
2022-11-16,9270,10180,9090,10180,91700,ITD
2022-11-17,10140,10860,10140,10860,357100,ITD
2022-11-18,10680,11090,10640,11090,146800,ITD
2022-11-21,11090,11090,10820,11090,80800,ITD
2022-11-22,10910,11090,10820,10820,173300,ITD
2022-11-23,10820,11090,10730,10820,124300,ITD
2022-11-24,10590,11000,10590,10910,76000,ITD
2022-11-25,10910,11000,10730,10820,93200,ITD
2022-11-28,10910,11550,10910,11450,363600,ITD
2022-11-29,11230,11450,11140,11180,121100,ITD
2022-11-30,11820,11820,11180,11550,146700,ITD
2022-12-01,11550,11550,11270,11270,135000,ITD
2022-12-02,11140,12050,10860,12050,166800,ITD
2022-12-05,11770,12000,11230,11230,164700,ITD
2022-12-06,11230,11230,10450,10450,194200,ITD
2022-12-07,10270,10500,10270,10320,69300,ITD
2022-12-08,10320,10910,10320,10820,71900,ITD
2022-12-09,10640,11000,10550,11000,33000,ITD
2022-12-12,11000,11180,10860,10860,67400,ITD
2022-12-13,10860,11410,10590,10910,153500,ITD
2022-12-14,11000,11000,10820,10860,28500,ITD
2022-12-15,10910,11180,10910,10910,57100,ITD
2022-12-16,11090,11360,11000,11000,99300,ITD
2022-12-19,11320,11450,10910,11000,91500,ITD
2022-12-20,10640,11450,10640,11180,190600,ITD
2022-12-21,11450,11450,11000,11050,30800,ITD
2022-12-22,10730,11360,10730,11180,9900,ITD
2022-12-23,11320,11320,10910,11050,8700,ITD
2022-12-26,10820,11090,10730,10820,21300,ITD
2022-12-27,10730,10860,10640,10640,144900,ITD
2022-12-28,10680,10820,10500,10770,46800,ITD
2022-12-29,10450,10590,10450,10450,8900,ITD
2022-12-30,10230,10910,10230,10820,49700,ITD
2023-01-03,10410,10910,10410,10730,25300,ITD
2023-01-04,10910,11050,10820,10910,38100,ITD
2023-01-05,10910,10910,10770,10860,9300,ITD
2023-01-06,10860,10910,10640,10640,27600,ITD
2023-01-09,10450,10730,10450,10640,27900,ITD
2023-01-10,10550,11000,10550,10730,40100,ITD
2023-01-11,10910,11140,10730,10820,87700,ITD
2023-01-12,10910,11000,10820,10820,27400,ITD
2023-01-13,10820,10820,10640,10820,11500,ITD
2023-01-16,10820,11000,10450,10820,5600,ITD
2023-01-17,10820,11180,10820,11000,79200,ITD
2023-01-18,10910,11180,10820,11050,29300,ITD
2023-01-19,11000,11410,11000,11090,53900,ITD
2023-01-27,11820,11820,11140,11730,48200,ITD
2023-01-30,11820,12140,11730,11950,122900,ITD
2023-01-31,12000,12270,11860,12270,102300,ITD
2023-02-01,12730,12730,12270,12550,105800,ITD
2023-02-02,12550,12550,11910,12000,48000,ITD
2023-02-03,12000,12270,12000,12270,42100,ITD
2023-02-06,12450,12550,12000,12000,66000,ITD
2023-02-07,12000,12590,12000,12180,67900,ITD
2023-02-08,12180,12640,12140,12590,95700,ITD
2023-02-09,12590,12820,12450,12730,144100,ITD
2023-02-10,13050,13050,12500,12640,69700,ITD
2023-02-13,12700,12850,12100,12450,22400,ITD
2023-02-14,12100,12450,12100,12450,6500,ITD
2023-02-15,12000,12500,12000,12200,8800,ITD
2023-02-16,12750,12750,12200,12200,8800,ITD
2023-02-17,12600,12600,12200,12300,9400,ITD
2023-02-20,12100,12450,12000,12300,26200,ITD
2023-02-21,12300,12500,12150,12150,23500,ITD
2023-02-22,12200,12450,12150,12200,27800,ITD
2023-02-23,12200,12250,12000,12050,16800,ITD
2023-02-24,11800,12250,11800,12250,11300,ITD
2023-02-27,12250,12250,11500,12200,8800,ITD
2023-02-28,12200,12200,11800,11800,2000,ITD
2023-03-01,11900,12000,11800,11900,4700,ITD
2023-03-02,12150,12150,11800,11850,1600,ITD
2023-03-03,11750,11950,11600,11600,8800,ITD
2023-03-06,11950,11950,11600,11900,3100,ITD
2023-03-07,11500,12000,11500,11950,3900,ITD
2023-03-08,11850,11950,11800,11950,8500,ITD
2023-03-09,12200,12200,11650,11950,10900,ITD
2023-03-10,11800,11800,11600,11700,9500,ITD
2023-03-13,11700,11900,11600,11900,1600,ITD
2023-03-14,11750,11750,11350,11350,14100,ITD
2023-03-15,11250,12000,11250,11400,25400,ITD
2023-03-16,11050,11350,11050,11200,7600,ITD
2023-03-17,11700,11700,11250,11300,3000,ITD
2023-03-20,11300,11450,11050,11450,11500,ITD
2023-03-21,11200,11300,11000,11300,9200,ITD
2023-03-22,11450,11450,11450,11450,100,ITD
2023-03-23,11500,11500,11500,11500,100,ITD
2023-03-24,11550,11550,11450,11450,200,ITD
2023-03-27,11250,11250,11150,11200,2300,ITD
2023-03-28,11250,11250,11250,11250,1900,ITD
2023-03-29,11250,11250,11250,11250,300,ITD
2023-03-30,11050,11050,11050,11050,1100,ITD
2023-03-31,10950,10950,10650,10650,1600,ITD
2023-04-03,11000,11100,10950,10950,6200,ITD
2023-04-04,11100,11100,11100,11100,1100,ITD
2023-04-05,11100,11100,11100,11100,1100,ITD
2023-04-06,11200,11800,11200,11550,22400,ITD
2023-04-07,11650,11650,11300,11600,2800,ITD
2023-04-10,11300,11300,11300,11300,200,ITD
2023-04-11,11300,11800,11250,11800,8200,ITD
2023-04-12,11700,11750,11350,11450,3600,ITD
2023-04-13,11650,11650,11350,11500,1200,ITD
2023-04-14,11350,11750,11350,11400,4100,ITD
2023-04-17,11550,11650,11350,11650,21400,ITD
2023-04-18,11350,11700,11350,11600,14800,ITD
2023-04-19,11400,11400,11350,11350,2000,ITD
2023-04-20,11500,11750,11500,11700,12400,ITD
2023-04-21,11750,12350,11700,11950,13300,ITD
2023-04-24,11300,11800,11300,11700,11200,ITD
2023-04-25,11700,11750,11700,11700,4900,ITD
2023-04-26,11700,11750,11700,11700,57500,ITD
2023-04-27,11750,11800,11700,11800,84700,ITD
2023-04-28,11800,11800,11500,11700,32100,ITD
2023-05-04,12300,12300,11450,11600,35400,ITD
2023-05-05,11600,12250,11600,12150,122600,ITD
2023-05-08,11500,12100,11500,11800,17800,ITD
2023-05-09,12100,12100,11700,11700,3300,ITD
2023-05-10,11700,11700,11700,11700,3500,ITD
2023-05-11,11650,11700,11650,11700,1200,ITD
2023-05-12,11800,11850,11800,11850,10300,ITD
2023-05-15,12050,12500,12050,12250,37900,ITD
2023-05-16,12500,12500,12250,12250,4200,ITD
2023-05-17,12200,12400,12200,12400,1800,ITD
2023-05-18,12000,12850,12000,12850,96200,ITD
2023-05-19,12750,12750,12100,12100,16200,ITD
2023-05-22,12300,13000,12300,12550,15700,ITD
2023-05-23,12900,12900,12000,12050,31800,ITD
2023-05-24,12100,12300,12100,12100,5000,ITD
2023-05-25,12000,12100,12000,12000,45300,ITD
2023-05-26,11750,12150,11750,12050,12500,ITD
2023-05-29,11850,12150,11800,12150,15100,ITD
2023-05-30,12150,12150,11950,12000,5500,ITD
2023-05-31,12000,12050,11950,12000,14700,ITD
2023-06-01,11950,12050,11900,11900,11200,ITD
2023-06-02,11950,12100,11900,12100,18700,ITD
2023-06-05,12100,12100,11900,12000,29600,ITD
2023-06-06,12000,12000,11850,11850,13200,ITD
2023-06-07,11950,11950,11900,11950,19900,ITD
2023-06-08,11950,12000,11750,12000,49800,ITD
2023-06-09,12000,12000,11800,11850,5600,ITD
2023-06-12,11850,11850,11700,11700,12700,ITD
2023-06-13,11700,11800,11700,11800,4000,ITD
2023-06-14,11800,11800,11550,11600,22900,ITD
2023-06-15,11600,11800,11600,11600,7000,ITD
2023-06-16,11600,11850,11600,11650,19000,ITD
2023-06-19,11500,11750,11500,11650,2600,ITD
2023-06-20,11650,11700,11600,11600,11500,ITD
2023-06-21,11600,11950,11600,11900,15600,ITD
2023-06-22,11650,11850,11650,11650,5100,ITD
2023-06-23,11800,11800,11600,11700,11700,ITD
2023-06-26,11700,11700,11650,11650,4600,ITD
2023-06-27,11600,11900,11500,11750,28400,ITD
2023-06-28,11850,12000,11700,11950,26500,ITD
2023-06-29,11950,11950,11650,11700,8900,ITD
2023-06-30,11600,11800,11600,11800,5100,ITD
2023-07-03,11900,12450,11850,11950,74200,ITD
2023-07-04,11800,11950,11700,11950,15800,ITD
2023-07-05,11950,12450,11800,12250,180100,ITD
2023-07-06,12100,12200,11800,12200,23300,ITD
2023-07-07,11800,11950,11600,11950,13500,ITD
2023-07-10,11950,12200,11700,11900,211000,ITD
2023-07-11,11900,11950,11750,11750,99400,ITD
2023-07-12,11800,11800,11700,11700,67900,ITD
2023-07-13,11700,11700,11600,11600,8200,ITD
2023-07-14,11600,11900,11500,11600,33700,ITD
2023-07-17,11600,11800,11600,11600,19200,ITD
2023-07-18,11600,11700,11500,11600,10600,ITD
2023-07-19,11650,11800,11600,11700,10300,ITD
2023-07-20,11800,12000,11550,11600,303100,ITD
2023-07-21,11550,11800,11550,11650,17200,ITD
2023-07-24,11550,11600,11550,11600,26500,ITD
2023-07-25,11600,11600,11500,11500,29800,ITD
2023-07-26,11500,11600,11450,11500,69900,ITD
2023-07-27,11500,11600,11500,11500,11100,ITD
2023-07-28,11500,11600,11300,11600,64700,ITD
2023-07-31,11450,11600,11300,11400,90300,ITD
2023-08-01,11500,11600,11400,11500,150500,ITD
2023-08-02,11400,11600,11350,11500,31200,ITD
2023-08-03,11300,11450,11250,11300,32500,ITD
2023-08-04,11300,11450,11250,11450,46800,ITD
2023-08-07,11350,11400,11250,11400,27700,ITD
2023-08-08,11250,11400,11250,11300,39700,ITD
2023-08-09,11300,11500,11250,11350,57900,ITD
2023-08-10,11400,11450,11250,11250,28500,ITD
2023-08-11,11250,11400,11000,11200,85600,ITD
2023-08-14,11200,11300,11000,11100,36300,ITD
2023-08-15,11000,11200,11000,11100,30600,ITD
2023-08-16,11000,11200,11000,11000,27500,ITD
2023-08-17,11000,11200,11000,11050,27100,ITD
2023-08-18,10900,11100,10300,10450,76800,ITD
2023-08-21,10450,10600,10400,10600,12000,ITD
2023-08-22,10500,10650,10500,10650,15600,ITD
2023-08-23,10700,10700,10400,10600,36000,ITD
2023-08-24,10550,10600,10450,10600,17400,ITD
2023-08-25,10600,10750,10400,10400,22200,ITD
2023-08-28,10600,10600,10400,10400,19400,ITD
2023-08-29,10600,10600,10400,10550,39400,ITD
2023-08-30,10400,10500,10350,10500,20100,ITD
2023-08-31,10400,10500,10300,10350,33900,ITD
2023-09-05,10350,10800,10350,10800,45700,ITD
2023-09-06,10850,11550,10850,11350,380000,ITD
2023-09-07,11350,11500,11000,11200,83000,ITD
2023-09-08,11250,11250,11050,11100,45400,ITD
2023-09-11,11100,11250,11050,11150,42700,ITD
2023-09-12,11300,11300,11000,11200,53200,ITD
2023-09-13,11150,11250,11000,11100,31400,ITD
2023-09-14,11000,11100,10850,10850,55100,ITD
2023-09-15,10950,10950,10750,10950,15000,ITD
2023-09-18,10800,10800,10650,10700,45500,ITD
2023-09-19,10700,10850,10650,10750,49500,ITD
2023-09-20,10850,11150,10750,11150,80100,ITD
2023-09-21,11000,11200,10800,11100,107900,ITD
2023-09-22,10850,11100,10700,11000,95800,ITD
2023-09-25,11000,11000,10700,10700,57600,ITD
2023-09-26,10700,10900,10700,10700,92700,ITD
2023-09-27,10700,10700,10650,10650,45300,ITD
2023-09-28,10650,10700,10650,10700,37200,ITD
2023-09-29,10800,10800,10600,10750,45400,ITD
2023-10-02,10650,10750,10650,10750,4400,ITD
2023-10-03,10700,10750,10600,10750,56400,ITD
2023-10-04,10700,10750,10500,10550,64800,ITD
2023-10-05,10500,10600,10400,10400,84600,ITD
2023-10-06,10400,10750,10400,10650,16900,ITD
2023-10-09,10600,10700,10400,10650,31900,ITD
2023-10-10,10650,10700,10450,10500,19800,ITD
2023-10-11,10550,10600,10450,10600,14200,ITD
2023-10-12,10650,10700,10400,10600,82200,ITD
2023-10-13,10400,10400,10350,10400,21600,ITD
2023-10-16,10500,10550,10000,10000,63000,ITD
2023-10-17,10050,10150,10000,10000,10200,ITD
2023-10-18,10050,10050,9900,9900,14300,ITD
2023-10-19,9900,9900,9620,9620,11200,ITD
2023-10-20,9650,10250,9650,10000,37900,ITD
2023-10-23,10000,10600,10000,10550,12100,ITD
2023-10-24,10700,10700,9820,10000,55400,ITD
2023-10-25,10250,10250,9910,10000,14400,ITD
2023-10-26,9620,10100,9600,9600,21600,ITD
2023-10-27,9600,10000,9600,9800,13200,ITD
2023-10-30,9700,9800,9600,9800,20700,ITD
2023-10-31,9620,9620,9200,9200,25000,ITD
2023-11-01,9200,9210,8560,9000,81800,ITD
2023-11-02,9250,9500,9200,9500,8700,ITD
2023-11-03,9500,9820,9400,9790,10800,ITD
2023-11-06,9790,9800,9510,9800,18300,ITD
2023-11-07,9800,9970,9600,9970,21400,ITD
2023-11-08,9600,9950,9500,9940,4600,ITD
2023-11-09,9940,9980,9530,9540,7200,ITD
2023-11-10,9700,9800,9540,9800,12700,ITD
2023-11-13,9800,9890,9600,9750,9700,ITD
2023-11-14,9550,9880,9550,9880,73600,ITD
2023-11-15,9850,10550,9850,9960,5000,ITD
2023-11-16,10200,10200,9800,9970,4100,ITD
2023-11-17,9960,9970,9710,9970,4200,ITD
2023-11-20,9550,9800,9550,9800,42200,ITD
2023-11-21,9800,9800,9560,9800,21800,ITD
2023-11-22,9850,9850,9740,9800,47500,ITD
2023-11-23,9750,9800,9620,9800,3300,ITD
2023-11-24,9800,9800,9580,9780,6500,ITD
2023-11-27,9780,9800,9500,9800,25300,ITD
2023-11-28,9760,9810,9600,9750,39900,ITD
2023-11-29,9700,10000,9700,10000,11900,ITD
2023-11-30,9610,9880,9550,9880,8700,ITD
2023-12-01,9850,9880,9750,9880,9700,ITD
2023-12-04,9880,9880,9750,9880,14600,ITD
2023-12-05,9800,9900,9800,9880,44000,ITD
2023-12-06,9870,9880,9700,9720,11000,ITD
2023-12-07,9760,9800,9750,9750,39000,ITD
2023-12-08,9570,9780,9550,9780,4800,ITD
2023-12-11,9750,9780,9500,9600,8800,ITD
2023-12-12,9780,10000,9700,10000,10500,ITD
2023-12-13,9990,10000,9710,9710,18900,ITD
2023-12-14,9800,9970,9710,9960,20900,ITD
2023-12-15,9950,9950,9700,9710,21000,ITD
2023-12-18,9550,9900,9550,9900,1500,ITD
2023-12-19,9890,9890,9610,9890,3900,ITD
2023-12-20,9700,9900,9700,9900,1600,ITD
2023-12-21,9800,9860,9700,9720,10500,ITD
2023-12-22,10200,10200,9700,9800,40600,ITD
2023-12-25,9600,10000,9600,9900,22600,ITD
2023-12-26,9950,9950,9800,9800,14900,ITD
2023-12-27,9800,9800,9630,9630,19700,ITD
2023-12-28,9790,9790,9630,9790,5400,ITD
2023-12-29,9830,9860,9630,9860,17900,ITD
2024-01-02,9870,10000,9860,10000,17700,ITD
2024-01-03,9880,9990,9850,9990,17400,ITD
2024-01-04,9990,10050,9800,9990,20600,ITD
2024-01-05,10300,10500,9800,9990,21100,ITD
2024-01-08,9990,10200,9850,10150,21500,ITD
2024-01-09,10100,10100,9850,10100,5300,ITD
2024-01-10,10050,10050,9850,9990,13300,ITD
2024-01-11,9810,9990,9750,9980,52400,ITD
2024-01-12,9900,9900,9700,9790,8000,ITD
2024-01-15,9710,9890,9710,9720,7800,ITD
2024-01-16,9550,9990,9550,9720,20100,ITD
2024-01-17,9950,9950,9620,9860,19500,ITD
2024-01-18,9920,9920,9770,9770,9400,ITD
2024-01-19,9800,9820,9790,9790,14000,ITD
2024-01-22,9790,9790,9600,9770,12600,ITD
2024-01-23,9700,9770,9680,9770,400,ITD
2024-01-24,9600,9650,9550,9600,7700,ITD
2024-01-25,9560,9690,9550,9680,5100,ITD
2024-01-26,9580,9650,9580,9650,1600,ITD
2024-01-29,9690,9690,9600,9600,700,ITD
2024-01-30,9600,9650,9400,9500,22600,ITD
2024-01-31,9600,9600,9400,9490,69300,ITD
2024-02-01,9490,9770,9350,9600,12300,ITD
2024-02-02,9600,9600,9380,9500,9600,ITD
2024-02-05,9500,9500,9370,9420,8600,ITD
2024-02-06,9500,9500,9390,9490,6500,ITD
2024-02-07,9400,9800,9400,9750,8800,ITD
2024-02-15,9750,9750,9420,9690,7800,ITD
2024-02-16,9690,9690,9470,9590,6400,ITD
2024-02-19,9590,9590,9400,9500,39000,ITD
2024-02-20,9550,9600,9510,9590,27900,ITD
2024-02-21,9670,9670,9410,9520,10300,ITD
2024-02-22,9520,9790,9510,9530,94000,ITD
2024-02-23,9550,9740,9510,9530,42000,ITD
2024-02-26,9520,9700,9510,9700,8700,ITD
2024-02-27,9690,9690,9210,9640,17500,ITD
2024-02-28,9450,10000,9400,9890,35700,ITD
2024-02-29,9890,9960,9430,9950,53400,ITD
2024-03-01,9910,10300,9510,9990,53600,ITD